"locale","skeleton_0","pattern_0","skeleton_1","pattern_1","skeleton_2","pattern_2","skeleton_3","pattern_3","skeleton_4","pattern_4"
"af","MMMMy","MMMM y","EMMMMdy","EEE, d MMMM y","EMMMd","EEE d MMM","Hm","HH:mm","hm","h:mm a"
"ak","MMMMy","MMMM y","EMMMMdy","EEE, MMMM d, y","EMMMd","EEE, MMM d","Hm","HH:mm","hm","h:mm a"
"am","MMMMy","MMMM y","EMMMMdy","EEE ፣d MMMM y","EMMMd","EEE፣ MMM d","Hm","HH:mm","hm","h:mm a"
"ar","MMMMy","MMMM y","EMMMMdy","EEE، d MMMM، y","EMMMd","EEE، d MMM","Hm","HH:mm","hm","h:mm a"
"as","MMMMy","y MMMM","EMMMMdy","y MMMM d, EEE","EMMMd","MMM d, EEE","Hm","HH:mm","hm","h:mm a"
"az","MMMMy","MMMM y","EMMMMdy","d MMMM y, EEE","EMMMd","d MMM, EEE","Hm","HH:mm","hm","h:mm a"
"az-rAZ","MMMMy","y MMMM","EMMMMdy","d MMMM y, EEE","EMMMd","d MMM, EEE","Hm","HH:mm","hm","h:mm a"
"be","MMMMy","LLLL y","EMMMMdy","EEE, d MMMM y 'г'.","EMMMd","EEE, d MMM","Hm","HH:mm","hm","h:mm a"
"bg","MMMMy","MMMM y 'г'.","EMMMMdy","EEE, d MMMM y 'г'.","EMMMd","EEE, d.MM","Hm","H:mm","hm","h:mm a"
"bm","MMMMy","MMMM y","EMMMMdy","EEE d MMMM y","EMMMd","EEE d MMM","Hm","HH:mm","hm","h:mm a"
"bn","MMMMy","MMMM y","EMMMMdy","EEE, d MMMM, y","EMMMd","EEE d MMM","Hm","HH:mm","hm","h:mm a"
"bo","MMMMy","y MMMM","EMMMMdy","y MMMMའི་ཚེས་d, EEE","EMMMd","MMMཚེས་d, EEE","Hm","HH:mm","hm","h:mm a"
"br","MMMMy","y MMMM","EMMMMdy","y MMMM d, EEE","EMMMd","EEE d MMM","Hm","HH:mm","hm","h:mm a"
"bs","MMMMy","LLLL y.","EMMMMdy","EEE, d. MMMM y.","EMMMd","EEE, d. MMM","Hm","HH:mm","hm","hh:mm a"
"bs-rBA","MMMMy","y MMMM","EMMMMdy","EEE, dd. MMMM y.","EMMMd","EEE, dd. MMM","Hm","HH:mm","hm","hh:mm a"
"ca","MMMMy","LLLL 'de' y","EMMMMdy","EEE, d MMMM 'de' y","EMMMd","EEE, d MMM","Hm","HH:mm","hm","h:mm a"
"ce","MMMMy","y MMMM","EMMMMdy","y MMMM d, EEE","EMMMd","MMM d, EEE","Hm","HH:mm","hm","h:mm a"
"cs","MMMMy","LLLL y","EMMMMdy","EEE d. MMMM y","EMMMd","EEE d. M.","Hm","H:mm","hm","h:mm a"
"cy","MMMMy","MMMM y","EMMMMdy","EEE, d MMMM y","EMMMd","EEE, d MMM","Hm","HH:mm","hm","h:mm a"
"da","MMMMy","MMMM y","EMMMMdy","EEE 'den' d. MMMM y","EMMMd","EEE d. MMM","Hm","HH.mm","hm","h.mm a"
"de","MMMMy","MMMM y","EMMMMdy","EEE, d. MMMM y","EMMMd","EEE, d. MMM","Hm","HH:mm","hm","h:mm a"
"dz","MMMMy","y MMMM","EMMMMdy","གཟའ་EEE, ལོy ཟླ་MMMM ཚེ་d","EMMMd","EEE, སྤྱི་LLL ཚེ་d","Hm","HH:mm","hm","h:mm a"
"ee","MMMMy","MMMM y","EMMMMdy","EEE, MMMM d 'lia' y","EMMMd","EEE, MMM d 'lia'","Hm","HH:mm","hm","a 'ga' h:mm"
"el","MMMMy","LLLL y","EMMMMdy","EEE, d MMMM y","EMMMd","EEE, d MMM","Hm","HH:mm","hm","h:mm a"
"en","MMMMy","MMMM y","EMMMMdy","EEE, MMMM d, y","EMMMd","EEE, MMM d","Hm","HH:mm","hm","h:mm a"
"en-rAG","MMMMy","MMMM y","EMMMMdy","EEE, d MMMM y","EMMMd","EEE, d MMM","Hm","HH:mm","hm","h:mm a"
"en-rAI","MMMMy","MMMM y","EMMMMdy","EEE, d MMMM y","EMMMd","EEE, d MMM","Hm","HH:mm","hm","h:mm a"
"en-rAT","MMMMy","MMMM y","EMMMMdy","EEE, d MMMM y","EMMMd","EEE, d MMM","Hm","HH:mm","hm","h:mm a"
"en-rAU","MMMMy","MMMM y","EMMMMdy","EEE, d MMMM y","EMMMd","EEE, d MMM","Hm","HH:mm","hm","h:mm a"
"en-rBB","MMMMy","MMMM y","EMMMMdy","EEE, d MMMM y","EMMMd","EEE, d MMM","Hm","HH:mm","hm","h:mm a"
"en-rBE","MMMMy","MMMM y","EMMMMdy","EEE, d MMMM y","EMMMd","EEE, d MMM","Hm","HH:mm","hm","h:mm a"
"en-rBM","MMMMy","MMMM y","EMMMMdy","EEE, d MMMM y","EMMMd","EEE, d MMM","Hm","HH:mm","hm","h:mm a"
"en-rBS","MMMMy","MMMM y","EMMMMdy","EEE, d MMMM y","EMMMd","EEE, d MMM","Hm","HH:mm","hm","h:mm a"
"en-rBW","MMMMy","MMMM y","EMMMMdy","EEE, dd MMMM y","EMMMd","EEE, dd MMM","Hm","HH:mm","hm","h:mm a"
"en-rBZ","MMMMy","MMMM y","EMMMMdy","EEE, dd MMMM y","EMMMd","EEE, dd MMM","Hm","HH:mm","hm","h:mm a"
"en-rCC","MMMMy","MMMM y","EMMMMdy","EEE, d MMMM y","EMMMd","EEE, d MMM","Hm","HH:mm","hm","h:mm a"
"en-rCH","MMMMy","MMMM y","EMMMMdy","EEE, d MMMM y","EMMMd","EEE, d MMM","Hm","HH:mm","hm","h:mm a"
"en-rCK","MMMMy","MMMM y","EMMMMdy","EEE, d MMMM y","EMMMd","EEE, d MMM","Hm","HH:mm","hm","h:mm a"
"en-rCM","MMMMy","MMMM y","EMMMMdy","EEE, d MMMM y","EMMMd","EEE, d MMM","Hm","HH:mm","hm","h:mm a"
"en-rCX","MMMMy","MMMM y","EMMMMdy","EEE, d MMMM y","EMMMd","EEE, d MMM","Hm","HH:mm","hm","h:mm a"
"en-rCY","MMMMy","MMMM y","EMMMMdy","EEE, d MMMM y","EMMMd","EEE, d MMM","Hm","HH:mm","hm","h:mm a"
"en-rDE","MMMMy","MMMM y","EMMMMdy","EEE, d MMMM y","EMMMd","EEE, d MMM","Hm","HH:mm","hm","h:mm a"
"en-rDG","MMMMy","MMMM y","EMMMMdy","EEE, d MMMM y","EMMMd","EEE, d MMM","Hm","HH:mm","hm","h:mm a"
"en-rDK","MMMMy","MMMM y","EMMMMdy","EEE, d MMMM y","EMMMd","EEE, d MMM","Hm","HH.mm","hm","h.mm a"
"en-rDM","MMMMy","MMMM y","EMMMMdy","EEE, d MMMM y","EMMMd","EEE, d MMM","Hm","HH:mm","hm","h:mm a"
"en-rER","MMMMy","MMMM y","EMMMMdy","EEE, d MMMM y","EMMMd","EEE, d MMM","Hm","HH:mm","hm","h:mm a"
"en-rFI","MMMMy","MMMM y","EMMMMdy","EEE, d MMMM y","EMMMd","EEE, d MMM","Hm","H.mm","hm","h.mm a"
"en-rFJ","MMMMy","MMMM y","EMMMMdy","EEE, d MMMM y","EMMMd","EEE, d MMM","Hm","HH:mm","hm","h:mm a"
"en-rFK","MMMMy","MMMM y","EMMMMdy","EEE, d MMMM y","EMMMd","EEE, d MMM","Hm","HH:mm","hm","h:mm a"
"en-rFM","MMMMy","MMMM y","EMMMMdy","EEE, d MMMM y","EMMMd","EEE, d MMM","Hm","HH:mm","hm","h:mm a"
"en-rGB","MMMMy","MMMM y","EMMMMdy","EEE, d MMMM y","EMMMd","EEE d MMM","Hm","HH:mm","hm","h:mm a"
"en-rGD","MMMMy","MMMM y","EMMMMdy","EEE, d MMMM y","EMMMd","EEE, d MMM","Hm","HH:mm","hm","h:mm a"
"en-rGG","MMMMy","MMMM y","EMMMMdy","EEE, d MMMM y","EMMMd","EEE, d MMM","Hm","HH:mm","hm","h:mm a"
"en-rGH","MMMMy","MMMM y","EMMMMdy","EEE, d MMMM y","EMMMd","EEE, d MMM","Hm","HH:mm","hm","h:mm a"
"en-rGI","MMMMy","MMMM y","EMMMMdy","EEE, d MMMM y","EMMMd","EEE, d MMM","Hm","HH:mm","hm","h:mm a"
"en-rGM","MMMMy","MMMM y","EMMMMdy","EEE, d MMMM y","EMMMd","EEE, d MMM","Hm","HH:mm","hm","h:mm a"
"en-rGY","MMMMy","MMMM y","EMMMMdy","EEE, d MMMM y","EMMMd","EEE, d MMM","Hm","HH:mm","hm","h:mm a"
"en-rHK","MMMMy","MMMM y","EMMMMdy","EEE, d MMMM y","EMMMd","EEE, d MMM","Hm","HH:mm","hm","h:mm a"
"en-rIE","MMMMy","MMMM y","EMMMMdy","EEE d MMMM y","EMMMd","EEE, d MMM","Hm","HH:mm","hm","h:mm a"
"en-rIL","MMMMy","MMMM y","EMMMMdy","EEE, d MMMM y","EMMMd","EEE, d MMM","Hm","H:mm","hm","h:mm a"
"en-rIM","MMMMy","MMMM y","EMMMMdy","EEE, d MMMM y","EMMMd","EEE, d MMM","Hm","HH:mm","hm","h:mm a"
"en-rIN","MMMMy","MMMM y","EMMMMdy","EEE d MMMM y","EMMMd","EEE, d MMM","Hm","HH:mm","hm","h:mm a"
"en-rIO","MMMMy","MMMM y","EMMMMdy","EEE, d MMMM y","EMMMd","EEE, d MMM","Hm","HH:mm","hm","h:mm a"
"en-rJE","MMMMy","MMMM y","EMMMMdy","EEE, d MMMM y","EMMMd","EEE, d MMM","Hm","HH:mm","hm","h:mm a"
"en-rJM","MMMMy","MMMM y","EMMMMdy","EEE, d MMMM y","EMMMd","EEE, d MMM","Hm","HH:mm","hm","h:mm a"
"en-rKE","MMMMy","MMMM y","EMMMMdy","EEE, d MMMM y","EMMMd","EEE, d MMM","Hm","HH:mm","hm","h:mm a"
"en-rKI","MMMMy","MMMM y","EMMMMdy","EEE, d MMMM y","EMMMd","EEE, d MMM","Hm","HH:mm","hm","h:mm a"
"en-rKN","MMMMy","MMMM y","EMMMMdy","EEE, d MMMM y","EMMMd","EEE, d MMM","Hm","HH:mm","hm","h:mm a"
"en-rKY","MMMMy","MMMM y","EMMMMdy","EEE, d MMMM y","EMMMd","EEE, d MMM","Hm","HH:mm","hm","h:mm a"
"en-rLC","MMMMy","MMMM y","EMMMMdy","EEE, d MMMM y","EMMMd","EEE, d MMM","Hm","HH:mm","hm","h:mm a"
"en-rLR","MMMMy","MMMM y","EMMMMdy","EEE, d MMMM y","EMMMd","EEE, d MMM","Hm","HH:mm","hm","h:mm a"
"en-rLS","MMMMy","MMMM y","EMMMMdy","EEE, d MMMM y","EMMMd","EEE, d MMM","Hm","HH:mm","hm","h:mm a"
"en-rMG","MMMMy","MMMM y","EMMMMdy","EEE, d MMMM y","EMMMd","EEE, d MMM","Hm","HH:mm","hm","h:mm a"
"en-rMO","MMMMy","MMMM y","EMMMMdy","EEE, d MMMM y","EMMMd","EEE, d MMM","Hm","HH:mm","hm","h:mm a"
"en-rMS","MMMMy","MMMM y","EMMMMdy","EEE, d MMMM y","EMMMd","EEE, d MMM","Hm","HH:mm","hm","h:mm a"
"en-rMT","MMMMy","MMMM y","EMMMMdy","EEE, d MMMM y","EMMMd","EEE, d MMM","Hm","HH:mm","hm","h:mm a"
"en-rMU","MMMMy","MMMM y","EMMMMdy","EEE, d MMMM y","EMMMd","EEE, d MMM","Hm","HH:mm","hm","h:mm a"
"en-rMW","MMMMy","MMMM y","EMMMMdy","EEE, d MMMM y","EMMMd","EEE, d MMM","Hm","HH:mm","hm","h:mm a"
"en-rMY","MMMMy","MMMM y","EMMMMdy","EEE, d MMMM y","EMMMd","EEE, d MMM","Hm","HH:mm","hm","h:mm a"
"en-rNA","MMMMy","MMMM y","EMMMMdy","EEE, d MMMM y","EMMMd","EEE, d MMM","Hm","HH:mm","hm","h:mm a"
"en-rNF","MMMMy","MMMM y","EMMMMdy","EEE, d MMMM y","EMMMd","EEE, d MMM","Hm","HH:mm","hm","h:mm a"
"en-rNG","MMMMy","MMMM y","EMMMMdy","EEE, d MMMM y","EMMMd","EEE, d MMM","Hm","HH:mm","hm","h:mm a"
"en-rNL","MMMMy","MMMM y","EMMMMdy","EEE, d MMMM y","EMMMd","EEE, d MMM","Hm","HH:mm","hm","h:mm a"
"en-rNR","MMMMy","MMMM y","EMMMMdy","EEE, d MMMM y","EMMMd","EEE, d MMM","Hm","HH:mm","hm","h:mm a"
"en-rNU","MMMMy","MMMM y","EMMMMdy","EEE, d MMMM y","EMMMd","EEE, d MMM","Hm","HH:mm","hm","h:mm a"
"en-rNZ","MMMMy","MMMM y","EMMMMdy","EEE, d MMMM y","EMMMd","EEE, d MMM","Hm","HH:mm","hm","h:mm a"
"en-rPG","MMMMy","MMMM y","EMMMMdy","EEE, d MMMM y","EMMMd","EEE, d MMM","Hm","HH:mm","hm","h:mm a"
"en-rPH","MMMMy","MMMM y","EMMMMdy","EEE, d MMMM y","EMMMd","EEE, d MMM","Hm","HH:mm","hm","h:mm a"
"en-rPK","MMMMy","MMMM y","EMMMMdy","EEE, d MMMM y","EMMMd","EEE, d MMM","Hm","HH:mm","hm","h:mm a"
"en-rPN","MMMMy","MMMM y","EMMMMdy","EEE, d MMMM y","EMMMd","EEE, d MMM","Hm","HH:mm","hm","h:mm a"
"en-rPW","MMMMy","MMMM y","EMMMMdy","EEE, d MMMM y","EMMMd","EEE, d MMM","Hm","HH:mm","hm","h:mm a"
"en-rRW","MMMMy","MMMM y","EMMMMdy","EEE, d MMMM y","EMMMd","EEE, d MMM","Hm","HH:mm","hm","h:mm a"
"en-rSB","MMMMy","MMMM y","EMMMMdy","EEE, d MMMM y","EMMMd","EEE, d MMM","Hm","HH:mm","hm","h:mm a"
"en-rSC","MMMMy","MMMM y","EMMMMdy","EEE, d MMMM y","EMMMd","EEE, d MMM","Hm","HH:mm","hm","h:mm a"
"en-rSD","MMMMy","MMMM y","EMMMMdy","EEE, d MMMM y","EMMMd","EEE, d MMM","Hm","HH:mm","hm","h:mm a"
"en-rSE","MMMMy","MMMM y","EMMMMdy","EEE, d MMMM y","EMMMd","EEE, d MMM","Hm","HH:mm","hm","h:mm a"
"en-rSG","MMMMy","MMMM y","EMMMMdy","EEE, d MMMM y","EMMMd","EEE, d MMM","Hm","HH:mm","hm","h:mm a"
"en-rSH","MMMMy","MMMM y","EMMMMdy","EEE, d MMMM y","EMMMd","EEE, d MMM","Hm","HH:mm","hm","h:mm a"
"en-rSI","MMMMy","MMMM y","EMMMMdy","EEE, d MMMM y","EMMMd","EEE, d MMM","Hm","HH:mm","hm","h:mm a"
"en-rSL","MMMMy","MMMM y","EMMMMdy","EEE, d MMMM y","EMMMd","EEE, d MMM","Hm","HH:mm","hm","h:mm a"
"en-rSS","MMMMy","MMMM y","EMMMMdy","EEE, d MMMM y","EMMMd","EEE, d MMM","Hm","HH:mm","hm","h:mm a"
"en-rSX","MMMMy","MMMM y","EMMMMdy","EEE, d MMMM y","EMMMd","EEE, d MMM","Hm","HH:mm","hm","h:mm a"
"en-rSZ","MMMMy","MMMM y","EMMMMdy","EEE, d MMMM y","EMMMd","EEE, d MMM","Hm","HH:mm","hm","h:mm a"
"en-rTC","MMMMy","MMMM y","EMMMMdy","EEE, d MMMM y","EMMMd","EEE, d MMM","Hm","HH:mm","hm","h:mm a"
"en-rTK","MMMMy","MMMM y","EMMMMdy","EEE, d MMMM y","EMMMd","EEE, d MMM","Hm","HH:mm","hm","h:mm a"
"en-rTO","MMMMy","MMMM y","EMMMMdy","EEE, d MMMM y","EMMMd","EEE, d MMM","Hm","HH:mm","hm","h:mm a"
"en-rTT","MMMMy","MMMM y","EMMMMdy","EEE, d MMMM y","EMMMd","EEE, d MMM","Hm","HH:mm","hm","h:mm a"
"en-rTV","MMMMy","MMMM y","EMMMMdy","EEE, d MMMM y","EMMMd","EEE, d MMM","Hm","HH:mm","hm","h:mm a"
"en-rTZ","MMMMy","MMMM y","EMMMMdy","EEE, d MMMM y","EMMMd","EEE, d MMM","Hm","HH:mm","hm","h:mm a"
"en-rUG","MMMMy","MMMM y","EMMMMdy","EEE, d MMMM y","EMMMd","EEE, d MMM","Hm","HH:mm","hm","h:mm a"
"en-rVC","MMMMy","MMMM y","EMMMMdy","EEE, d MMMM y","EMMMd","EEE, d MMM","Hm","HH:mm","hm","h:mm a"
"en-rVG","MMMMy","MMMM y","EMMMMdy","EEE, d MMMM y","EMMMd","EEE, d MMM","Hm","HH:mm","hm","h:mm a"
"en-rVU","MMMMy","MMMM y","EMMMMdy","EEE, d MMMM y","EMMMd","EEE, d MMM","Hm","HH:mm","hm","h:mm a"
"en-rWS","MMMMy","MMMM y","EMMMMdy","EEE, d MMMM y","EMMMd","EEE, d MMM","Hm","HH:mm","hm","h:mm a"
"en-rXA","MMMMy","[MMMM y]","EMMMMdy","[EEE, MMMM d, y]","EMMMd","[EEE, MMM d]","Hm","[HH:mm]","hm","[h:mm a]"
"en-rZA","MMMMy","MMMM y","EMMMMdy","EEE, dd MMMM y","EMMMd","EEE, dd MMM","Hm","HH:mm","hm","h:mm a"
"en-rZM","MMMMy","MMMM y","EMMMMdy","EEE, d MMMM y","EMMMd","EEE, d MMM","Hm","HH:mm","hm","h:mm a"
"en-rZW","MMMMy","MMMM y","EMMMMdy","EEE, dd MMMM, y","EMMMd","EEE, dd MMM","Hm","HH:mm","hm","h:mm a"
"eo","MMMMy","y MMMM","EMMMMdy","EEE, d-'a' 'de' MMMM y","EMMMd","MMM d, EEE","Hm","HH:mm","hm","h:mm a"
"es","MMMMy","MMMM 'de' y","EMMMMdy","EEE, d 'de' MMMM 'de' y","EMMMd","EEE, d MMM","Hm","H:mm","hm","h:mm a"
"es-rAR","MMMMy","MMMM 'de' y","EMMMMdy","EEE, d 'de' MMMM 'de' y","EMMMd","EEE, d MMM","Hm","HH:mm","hm","h:mm a"
"es-rBO","MMMMy","MMMM 'de' y","EMMMMdy","EEE, d 'de' MMMM 'de' y","EMMMd","EEE, d MMM","Hm","HH:mm","hm","h:mm a"
"es-rBR","MMMMy","MMMM 'de' y","EMMMMdy","EEE, d 'de' MMMM 'de' y","EMMMd","EEE, d MMM","Hm","HH:mm","hm","h:mm a"
"es-rCL","MMMMy","MMMM 'de' y","EMMMMdy","EEE, d 'de' MMMM 'de' y","EMMMd","EEE, d MMM","Hm","HH:mm","hm","h:mm a"
"es-rCO","MMMMy","MMMM 'de' y","EMMMMdy","EEE, d 'de' MMMM 'de' y","EMMMd","EEE, d 'de' MMM","Hm","H:mm","hm","h:mm a"
"es-rCR","MMMMy","MMMM 'de' y","EMMMMdy","EEE, d 'de' MMMM 'de' y","EMMMd","EEE, d MMM","Hm","HH:mm","hm","h:mm a"
"es-rCU","MMMMy","MMMM 'de' y","EMMMMdy","EEE, d 'de' MMMM 'de' y","EMMMd","EEE, d MMM","Hm","HH:mm","hm","h:mm a"
"es-rDO","MMMMy","MMMM 'de' y","EMMMMdy","EEE, d 'de' MMMM 'de' y","EMMMd","EEE, d MMM","Hm","HH:mm","hm","h:mm a"
"es-rEC","MMMMy","MMMM 'de' y","EMMMMdy","EEE, d 'de' MMMM 'de' y","EMMMd","EEE, d MMM","Hm","HH:mm","hm","h:mm a"
"es-rGT","MMMMy","MMMM 'de' y","EMMMMdy","EEE, d 'de' MMMM 'de' y","EMMMd","EEE, d MMM","Hm","HH:mm","hm","h:mm a"
"es-rHN","MMMMy","MMMM 'de' y","EMMMMdy","EEE, d 'de' MMMM 'de' y","EMMMd","EEE, d MMM","Hm","HH:mm","hm","h:mm a"
"es-rMX","MMMMy","MMMM 'de' y","EMMMMdy","EEE, d 'de' MMMM 'de' y","EMMMd","EEE d 'de' MMM","Hm","H:mm","hm","h:mm a"
"es-rNI","MMMMy","MMMM 'de' y","EMMMMdy","EEE, d 'de' MMMM 'de' y","EMMMd","EEE, d MMM","Hm","HH:mm","hm","h:mm a"
"es-rPA","MMMMy","MMMM 'de' y","EMMMMdy","EEE, d 'de' MMMM 'de' y","EMMMd","EEE, d MMM","Hm","HH:mm","hm","h:mm a"
"es-rPE","MMMMy","MMMM 'de' y","EMMMMdy","EEE, d 'de' MMMM 'de' y","EMMMd","EEE, d MMM","Hm","HH:mm","hm","h:mm a"
"es-rPR","MMMMy","MMMM 'de' y","EMMMMdy","EEE, d 'de' MMMM 'de' y","EMMMd","EEE, d MMM","Hm","HH:mm","hm","h:mm a"
"es-rPY","MMMMy","MMMM 'de' y","EMMMMdy","EEE, d 'de' MMMM 'de' y","EMMMd","EEE, d MMM","Hm","HH:mm","hm","h:mm a"
"es-rSV","MMMMy","MMMM 'de' y","EMMMMdy","EEE, d 'de' MMMM 'de' y","EMMMd","EEE, d MMM","Hm","HH:mm","hm","h:mm a"
"es-rUS","MMMMy","MMMM 'de' y","EMMMMdy","EEE, d 'de' MMMM 'de' y","EMMMd","EEE, d MMM","Hm","HH:mm","hm","h:mm a"
"es-rUY","MMMMy","MMMM 'de' y","EMMMMdy","EEE, d 'de' MMMM 'de' y","EMMMd","EEE, d MMM","Hm","HH:mm","hm","h:mm a"
"es-rVE","MMMMy","MMMM 'de' y","EMMMMdy","EEE, d 'de' MMMM 'de' y","EMMMd","EEE, d MMM","Hm","HH:mm","hm","h:mm a"
"et","MMMMy","MMMM y","EMMMMdy","EEE, d. MMMM y","EMMMd","EEE, d. MMM","Hm","HH:mm","hm","h:mm a"
"eu","MMMMy","y('e')'ko' MMMM","EMMMMdy","y('e')'ko' MMMM d, EEE","EMMMd","MMM d, EEE","Hm","HH:mm","hm","h:mm a"
"fa","MMMMy","MMMM y","EMMMMdy","EEE d MMMM y","EMMMd","EEE d LLL","Hm","H:mm","hm","h:mm a"
"fa-rAF","MMMMy","MMMM y","EMMMMdy","EEE d MMMM y","EMMMd","EEE, MMM d","Hm","HH:mm","hm","h:mm a"
"ff","MMMMy","MMMM y","EMMMMdy","EEE d MMMM y","EMMMd","EEE d MMM","Hm","HH:mm","hm","h:mm a"
"fi","MMMMy","LLLL y","EMMMMdy","EEE d. MMMM y","EMMMd","ccc d. MMM","Hm","H.mm","hm","h.mm a"
"fo","MMMMy","MMMM y","EMMMMdy","EEE, d. MMMM y","EMMMd","EEE d. MMM","Hm","HH:mm","hm","h:mm a"
"fr","MMMMy","MMMM y","EMMMMdy","EEE d MMMM y","EMMMd","EEE d MMM","Hm","HH:mm","hm","h:mm a"
"fr-rCA","MMMMy","MMMM y","EMMMMdy","EEE d MMMM y","EMMMd","EEE d MMM","Hm","HH 'h' mm","hm","h:mm a"
"fr-rCH","MMMMy","MMMM y","EMMMMdy","EEE, d MMMM y","EMMMd","EEE d MMM","Hm","HH:mm","hm","h:mm a"
"fr-rCM","MMMMy","MMMM y","EMMMMdy","EEE d MMMM y","EMMMd","EEE d MMM","Hm","HH:mm","hm","h:mm"
"fy","MMMMy","MMMM y","EMMMMdy","EEE d MMMM y","EMMMd","EEE d MMM","Hm","HH:mm","hm","h:mm a"
"ga","MMMMy","MMMM y","EMMMMdy","EEE d MMMM y","EMMMd","EEE d MMM","Hm","HH:mm","hm","h:mm a"
"gd","MMMMy","LLLL y","EMMMMdy","EEE, d'mh' MMMM y","EMMMd","EEE, d MMM","Hm","HH:mm","hm","h:mma"
"gl","MMMMy","LLLL 'de' y","EMMMMdy","EEE, d 'de' MMMM 'de' y","EMMMd","ccc, d 'de' MMM","Hm","HH:mm","hm","h:mm a"
"gu","MMMMy","MMMM y","EMMMMdy","EEE, d MMMM, y","EMMMd","EEE, d MMM","Hm","HH:mm","hm","h:mm a"
"gv","MMMMy","y MMMM","EMMMMdy","y MMMM d, EEE","EMMMd","MMM d, EEE","Hm","HH:mm","hm","h:mm a"
"ha","MMMMy","MMMM y","EMMMMdy","EEE, d MMMM, y","EMMMd","EEE, MMM d","Hm","HH:mm","hm","h:mm a"
"hi","MMMMy","MMMM y","EMMMMdy","EEE, d MMMM y","EMMMd","EEE, d MMM","Hm","HH:mm","hm","h:mm a"
"hr","MMMMy","LLLL y.","EMMMMdy","EEE, d. MMMM y.","EMMMd","EEE, d. MMM","Hm","HH:mm","hm","hh:mm a"
"hu","MMMMy","y. MMMM","EMMMMdy","y. MMMM d., EEE","EMMMd","MMM d., EEE","Hm","H:mm","hm","a h:mm"
"hy","MMMMy","yթ․ MMMM","EMMMMdy","y թ. MMMM d, EEE","EMMMd","d MMM, EEE","Hm","H:mm","hm","h:mm a"
"ig","MMMMy","MMMM y","EMMMMdy","EEE, d MMMM y","EMMMd","EEE, MMM d","Hm","HH:mm","hm","h:mm a"
"ii","MMMMy","y MMMM","EMMMMdy","y MMMM d, EEE","EMMMd","MMM d, EEE","Hm","HH:mm","hm","h:mm a"
"in","MMMMy","MMMM y","EMMMMdy","EEE, d MMMM y","EMMMd","EEE, d MMM","Hm","HH.mm","hm","h.mm a"
"is","MMMMy","MMMM y","EMMMMdy","EEE, d. MMMM y","EMMMd","EEE, d. MMM","Hm","HH:mm","hm","h:mm a"
"it","MMMMy","MMMM y","EMMMMdy","EEE d MMMM y","EMMMd","EEE d MMM","Hm","HH:mm","hm","h:mm a"
"it-rCH","MMMMy","MMMM y","EMMMMdy","EEE, d MMMM y","EMMMd","EEE d MMM","Hm","HH:mm","hm","h:mm a"
"iw","MMMMy","MMMM y","EMMMMdy","EEE, d בMMMM y","EMMMd","EEE, d בMMM","Hm","H:mm","hm","h:mm a"
"ja","MMMMy","y年M月","EMMMMdy","y年M月d日(EEE)","EMMMd","M月d日(EEE)","Hm","H:mm","hm","aK:mm"
"ji","MMMMy","y MMMM","EMMMMdy","EEE, dטן MMMM y","EMMMd","MMM d, EEE","Hm","HH:mm","hm","h:mm a"
"ka","MMMMy","MMMM, y","EMMMMdy","EEE, d MMMM. y","EMMMd","EEE, d MMM","Hm","HH:mm","hm","h:mm a"
"ki","MMMMy","MMMM y","EMMMMdy","EEE, d MMMM y","EMMMd","EEE, MMM d","Hm","HH:mm","hm","h:mm a"
"kk","MMMMy","y 'ж'. MMMM","EMMMMdy","y 'ж'. d MMMM, EEE","EMMMd","d MMM, EEE","Hm","HH:mm","hm","h:mm a"
"kl","MMMMy","y MMMM","EMMMMdy","y MMMM d, EEE","EMMMd","MMM d, EEE","Hm","HH:mm","hm","h:mm a"
"km","MMMMy","MMMM y","EMMMMdy","EEE d MMMM y","EMMMd","EEE d MMM","Hm","HH:mm","hm","h:mm a"
"kn","MMMMy","MMMM y","EMMMMdy","EEE, MMMM d, y","EMMMd","EEE, d MMM","Hm","HH:mm","hm","h:mm a"
"ko","MMMMy","y년 MMMM","EMMMMdy","y년 MMMM d일 (EEE)","EMMMd","MMM d일 (EEE)","Hm","HH:mm","hm","a h:mm"
"ks","MMMMy","MMMM y","EMMMMdy","EEE, MMMM d, y","EMMMd","EEE, MMM d","Hm","HH:mm","hm","h:mm a"
"kw","MMMMy","y MMMM","EMMMMdy","y MMMM d, EEE","EMMMd","MMM d, EEE","Hm","HH:mm","hm","h:mm a"
"ky","MMMMy","y-'ж'., MMMM","EMMMMdy","y-'ж'., d-MMMM, EEE","EMMMd","d-MMM, EEE","Hm","HH:mm","hm","h:mm a"
"lb","MMMMy","y MMMM","EMMMMdy","EEE, d. MMMM y","EMMMd","EEE, d. MMM","Hm","HH:mm","hm","h:mm a"
"lg","MMMMy","MMMM y","EMMMMdy","EEE, d MMMM y","EMMMd","EEE, MMM d","Hm","HH:mm","hm","h:mm a"
"ln","MMMMy","y MMMM","EMMMMdy","EEE d MMMM y","EMMMd","EEE d MMM","Hm","HH:mm","hm","h:mm a"
"lo","MMMMy","MMMM y","EMMMMdy","EEE, d MMMM y","EMMMd","EEE d MMM","Hm","HH:mm","hm","h:mm a"
"lt","MMMMy","y 'm'. LLLL","EMMMMdy","y 'm'. MMMM d 'd'., EEE","EMMMd","MM-dd, EEE","Hm","HH:mm","hm","hh:mm a"
"lu","MMMMy","y MMMM","EMMMMdy","EEE d MMMM y","EMMMd","EEE d MMM","Hm","HH:mm","hm","h:mm a"
"lv","MMMMy","y. 'g'. MMMM","EMMMMdy","EEE, y. 'gada' d. MMMM","EMMMd","EEE, d. MMM","Hm","HH:mm","hm","h:mm a"
"mg","MMMMy","MMMM y","EMMMMdy","EEE d MMMM y","EMMMd","EEE d MMM","Hm","HH:mm","hm","h:mm a"
"mk","MMMMy","MMMM y 'г'.","EMMMMdy","EEE, d MMMM y 'г'.","EMMMd","EEE, d MMM","Hm","HH:mm","hm","h:mm a"
"ml","MMMMy","y MMMM","EMMMMdy","y, MMMM d, EEE","EMMMd","MMM d, EEE","Hm","HH:mm","hm","h:mm a"
"mn","MMMMy","y MMMM","EMMMMdy","EEE, y MMMM d","EMMMd","EEE MMM d","Hm","HH:mm","hm","h:mm a"
"mr","MMMMy","MMMM y","EMMMMdy","EEE, d MMMM, y","EMMMd","EEE, d MMM","Hm","H:mm","hm","h:mm a"
"ms","MMMMy","y MMMM","EMMMMdy","EEE, d MMMM y","EMMMd","EEE, d MMM","Hm","HH:mm","hm","h:mm a"
"mt","MMMMy","MMMM y","EMMMMdy","EEE, d 'ta'’ MMMM y","EMMMd","EEE, d 'ta'’ MMM","Hm","HH:mm","hm","h:mm a"
"my","MMMMy","MMMM y","EMMMMdy","EEE d MMMM y","EMMMd","MMM d ရက် EEEနေ့","Hm","HH:mm","hm","a h:mm"
"nb","MMMMy","MMMM y","EMMMMdy","EEE d. MMMM y","EMMMd","EEE d. MMM","Hm","HH:mm","hm","h:mm a"
"nd","MMMMy","MMMM y","EMMMMdy","EEE, d MMMM y","EMMMd","EEE, MMM d","Hm","HH:mm","hm","h:mm a"
"ne","MMMMy","y MMMM","EMMMMdy","y MMMM d, EEE","EMMMd","MMM d, EEE","Hm","HH:mm","hm","h:mm a"
"nl","MMMMy","MMMM y","EMMMMdy","EEE d MMMM y","EMMMd","EEE d MMM","Hm","HH:mm","hm","h:mm a"
"nn","MMMMy","MMMM y","EMMMMdy","EEE d. MMMM y","EMMMd","EEE d. MMM","Hm","HH:mm","hm","h:mm a"
"om","MMMMy","MMMM y","EMMMMdy","EEE, MMMM d, y","EMMMd","MMM d, EEE","Hm","HH:mm","hm","h:mm a"
"or","MMMMy","MMMM y","EMMMMdy","EEE, d MMMM y","EMMMd","MMM d, EEE","Hm","HH:mm","hm","h:mm a"
"os","MMMMy","y MMMM","EMMMMdy","EEE, d MMMM, y 'аз'","EMMMd","ccc, d MMM","Hm","HH:mm","hm","h:mm a"
"pa","MMMMy","MMMM y","EMMMMdy","EEE, d MMMM y","EMMMd","EEE, d MMM","Hm","HH:mm","hm","h:mm a"
"pa-rPK","MMMMy","y MMMM","EMMMMdy","y MMMM d, EEE","EMMMd","MMM d, EEE","Hm","HH:mm","hm","h:mm a"
"pl","MMMMy","LLLL y","EMMMMdy","EEE, d MMMM y","EMMMd","EEE, d MMM","Hm","HH:mm","hm","h:mm a"
"ps","MMMMy","د y د MMMM","EMMMMdy","EEE د y د MMMM d","EMMMd","MMM d, EEE","Hm","H:mm","hm","h:mm a"
"pt","MMMMy","MMMM 'de' y","EMMMMdy","EEE, d 'de' MMMM 'de' y","EMMMd","EEE, d 'de' MMM","Hm","HH:mm","hm","h:mm a"
"pt-rAO","MMMMy","MMMM 'de' y","EMMMMdy","ccc, d 'de' MMMM 'de' y","EMMMd","EEE, d/MM","Hm","HH:mm","hm","h:mm a"
"pt-rCH","MMMMy","MMMM 'de' y","EMMMMdy","ccc, d 'de' MMMM 'de' y","EMMMd","EEE, d/MM","Hm","HH:mm","hm","h:mm a"
"pt-rCV","MMMMy","MMMM 'de' y","EMMMMdy","ccc, d 'de' MMMM 'de' y","EMMMd","EEE, d/MM","Hm","HH:mm","hm","h:mm a"
"pt-rGQ","MMMMy","MMMM 'de' y","EMMMMdy","ccc, d 'de' MMMM 'de' y","EMMMd","EEE, d/MM","Hm","HH:mm","hm","h:mm a"
"pt-rGW","MMMMy","MMMM 'de' y","EMMMMdy","ccc, d 'de' MMMM 'de' y","EMMMd","EEE, d/MM","Hm","HH:mm","hm","h:mm a"
"pt-rLU","MMMMy","MMMM 'de' y","EMMMMdy","ccc, d 'de' MMMM 'de' y","EMMMd","EEE, d/MM","Hm","HH:mm","hm","h:mm a"
"pt-rMO","MMMMy","MMMM 'de' y","EMMMMdy","ccc, d 'de' MMMM 'de' y","EMMMd","EEE, d/MM","Hm","HH:mm","hm","h:mm a"
"pt-rMZ","MMMMy","MMMM 'de' y","EMMMMdy","ccc, d 'de' MMMM 'de' y","EMMMd","EEE, d/MM","Hm","HH:mm","hm","h:mm a"
"pt-rPT","MMMMy","MMMM 'de' y","EMMMMdy","ccc, d 'de' MMMM 'de' y","EMMMd","EEE, d/MM","Hm","HH:mm","hm","h:mm a"
"pt-rST","MMMMy","MMMM 'de' y","EMMMMdy","ccc, d 'de' MMMM 'de' y","EMMMd","EEE, d/MM","Hm","HH:mm","hm","h:mm a"
"pt-rTL","MMMMy","MMMM 'de' y","EMMMMdy","ccc, d 'de' MMMM 'de' y","EMMMd","EEE, d/MM","Hm","HH:mm","hm","h:mm a"
"qu","MMMMy","y MMMM","EMMMMdy","EEE, d MMMM, y","EMMMd","MMM d, EEE","Hm","HH:mm","hm","h:mm a"
"rm","MMMMy","y MMMM","EMMMMdy","EEE, 'ils' d 'da' MMMM y","EMMMd","EEE d. MMM","Hm","HH:mm","hm","h:mm a"
"rn","MMMMy","y MMMM","EMMMMdy","EEE d MMMM y","EMMMd","EEE d MMM","Hm","HH:mm","hm","h:mm a"
"ro","MMMMy","MMMM y","EMMMMdy","EEE, d MMMM y","EMMMd","EEE, d MMM","Hm","HH:mm","hm","h:mm a"
"ru","MMMMy","LLLL y 'г'.","EMMMMdy","EEE, d MMMM y 'г'.","EMMMd","ccc, d MMM","Hm","H:mm","hm","h:mm a"
"ru-rUA","MMMMy","LLLL y 'г'.","EMMMMdy","EEE, d MMMM y 'г'.","EMMMd","ccc, d MMM","Hm","HH:mm","hm","h:mm a"
"rw","MMMMy","y MMMM","EMMMMdy","y MMMM d, EEE","EMMMd","MMM d, EEE","Hm","HH:mm","hm","h:mm a"
"se","MMMMy","y MMMM","EMMMMdy","y MMMM d, EEE","EMMMd","MMM d, EEE","Hm","HH:mm","hm","h:mm a"
"sg","MMMMy","MMMM y","EMMMMdy","EEE d MMMM y","EMMMd","EEE d MMM","Hm","HH:mm","hm","h:mm a"
"si","MMMMy","y MMMM","EMMMMdy","y MMMM d, EEE","EMMMd","MMM d EEE","Hm","HH.mm","hm","a h.mm"
"sk","MMMMy","LLLL y","EMMMMdy","EEE, d. MMMM y","EMMMd","EEE d. M.","Hm","H:mm","hm","h:mm a"
"sl","MMMMy","MMMM y","EMMMMdy","EEE, d. MMMM y","EMMMd","EEE, d. MMM","Hm","HH:mm","hm","h:mm a"
"sn","MMMMy","y MMMM","EMMMMdy","y MMMM d, EEE","EMMMd","MMM d, EEE","Hm","HH:mm","hm","h:mm a"
"so","MMMMy","MMMM y","EMMMMdy","EEE, MMMM d, y","EMMMd","EEE, MMM d","Hm","HH:mm","hm","h:mm a"
"sq","MMMMy","MMMM y","EMMMMdy","EEE, d MMMM y","EMMMd","EEE, d MMM","Hm","HH:mm","hm","h:mm a"
"sr","MMMMy","MMMM y.","EMMMMdy","EEE, d. MMMM y.","EMMMd","EEE d. MMM","Hm","HH:mm","hm","h:mm a"
"sv","MMMMy","MMMM y","EMMMMdy","EEE d MMMM y","EMMMd","EEE d MMM","Hm","HH:mm","hm","h:mm a"
"sw","MMMMy","MMMM y","EMMMMdy","EEE, d MMMM y","EMMMd","EEE, d MMM","Hm","HH:mm","hm","h:mm a"
"ta","MMMMy","MMMM y","EMMMMdy","EEE, d MMMM, y","EMMMd","MMM d, EEE","Hm","HH:mm","hm","a h:mm"
"te","MMMMy","MMMM y","EMMMMdy","d, MMMM y, EEE","EMMMd","EEE, d MMM","Hm","HH:mm","hm","h:mm a"
"th","MMMMy","MMMM G y","EMMMMdy","EEE d MMMM G y","EMMMd","EEE d MMM","Hm","HH:mm น.","hm","h:mm a"
"ti","MMMMy","MMMM y","EMMMMdy","y MMMM d, EEE","EMMMd","MMM d, EEE","Hm","HH:mm","hm","h:mm a"
"to","MMMMy","MMMM y","EMMMMdy","EEE d MMMM y","EMMMd","EEE d MMM","Hm","HH:mm","hm","h:mm a"
"tr","MMMMy","MMMM y","EMMMMdy","d MMMM y EEE","EMMMd","d MMMM EEE","Hm","HH:mm","hm","a h:mm"
"ug","MMMMy","y MMMM","EMMMMdy","y d-MMMM، EEE","EMMMd","d-MMM، EEE","Hm","HH:mm","hm","h:mm a"
"uk","MMMMy","LLLL y","EMMMMdy","EEE, d MMMM y 'р'.","EMMMd","EEE, d MMM","Hm","HH:mm","hm","h:mm a"
"ur","MMMMy","MMMM y","EMMMMdy","EEE، d MMMM، y","EMMMd","EEE، d MMM","Hm","HH:mm","hm","h:mm a"
"uz","MMMMy","MMMM, y","EMMMMdy","EEE, d-MMMM, y","EMMMd","EEE, d-MMM","Hm","HH:mm","hm","h:mm a"
"uz-rAF","MMMMy","G y MMMM","EMMMMdy","y MMMM d, EEE","EMMMd","MMM d, EEE","Hm","HH:mm","hm","h:mm a"
"uz-rUZ","MMMMy","MMMM, y","EMMMMdy","EEE, d-MMMM, y","EMMMd","EEE, d MMM","Hm","HH:mm","hm","h:mm a"
"vi","MMMMy","MMMM 'năm' y","EMMMMdy","EEE, d MMMM, y","EMMMd","EEE, d MMM","Hm","H:mm","hm","h:mm a"
"yo","MMMMy","MMMM y","EMMMMdy","EEE, d MMMM y","EMMMd","EEE, MMM d","Hm","HH:mm","hm","h:mm a"
"zh","MMMMy","y年M月","EMMMMdy","y年M月d日EEE","EMMMd","M月d日EEE","Hm","HH:mm","hm","ah:mm"
"zh-rTW","MMMMy","y年M月","EMMMMdy","y年M月d日 EEE","EMMMd","M月d日 EEE","Hm","HH:mm","hm","ah:mm"
"zu","MMMMy","MMMM y","EMMMMdy","EEE, MMMM d, y","EMMMd","EEE, MMM d","Hm","HH:mm","hm","h:mm a"